<?xml version="1.0" encoding="UTF-8"?>
<module xmlns="urn:jboss:module:1.3" name="org.restcomm.ss7.extension">

    <resources>
        <resource-root path="restcomm-ss7-wildfly-extension-8.0.0-170.jar"/>
	<resource-root path="ss7-ext-impl-8.0.0-170.jar"/>
    </resources>

    <dependencies>
        <module name="javax.api"/>
        <module name="org.jboss.staxmapper"/>
        <module name="org.jboss.as.controller"/>
        <module name="org.jboss.as.jmx"/>
        <module name="org.jboss.as.server"/>
        <module name="org.jboss.as.transactions"/>
        <module name="org.jboss.as.naming"/>
        <module name="org.jboss.as.connector"/>
        <module name="org.jboss.modules"/>
        <module name="org.jboss.msc"/>
        <module name="org.jboss.logging"/>
	<module name="org.apache.log4j"/>
        <module name="org.restcomm.ss7.modules"/>
        <module name="org.restcomm.ss7.commons"/>
    </dependencies>
</module>
